rouge1,rouge2,rougeL,bertscore_f1
0.23768723795304114,0.1810573108083268,0.2193536853284897,0.5542918980121613
