rouge1,rouge2,rougeL,bertscore_f1
0.24040483480777847,0.1840827611032358,0.21523406300242154,0.5542918980121613
